{"packages/cupertino_icons/assets/CupertinoIcons.ttf":["packages/cupertino_icons/assets/CupertinoIcons.ttf"],"fonts/Lato-Regular.ttf":["fonts/Lato-Regular.ttf"],"assets/img/ann.jpg":["assets/img/ann.jpg"],"assets/img/beach.jpeg":["assets/img/beach.jpeg"],"assets/img/beach_palm.jpeg":["assets/img/beach_palm.jpeg"],"assets/img/girl.jpg":["assets/img/girl.jpg"],"assets/img/mountain.jpeg":["assets/img/mountain.jpeg"],"assets/img/mountain_stars.jpeg":["assets/img/mountain_stars.jpeg"],"assets/img/people.jpg":["assets/img/people.jpg"],"assets/img/river.jpeg":["assets/img/river.jpeg"],"assets/img/sunset.jpeg":["assets/img/sunset.jpeg"]}